[
  {
    "name": "计网",
    "content": [
      {
        "ddl": "2020-04-14 17:00:00",
        "homework": "团队作业",
        "state": "已提交"
      }
    ]
  },
  {
    "name": "软工",
    "content": [
      {
        "ddl": "2020-04-22 22:00:00",
        "homework": "最后一次作业",
        "state": "未提交"
      },
      {
        "ddl": "2020-04-19 22:00:00",
        "homework": "团队作业",
        "state": "未提交"
      },
      {
        "ddl": "2020-04-17 20:00:00",
        "homework": "团队作业",
        "state": "已提交"
      },
      {
        "ddl": "2020-04-14 24:00:00",
        "homework": "个人作业",
        "state": "已提交"
      }
    ]
  }
]